Status,Story ID,Title,Type,Epic,Priority,Category,Assignees,Milestone,Start Date,Target Date,Issue #,Repository,URL
Todo,US-24,US-24 — Receive sustainability recommendations,Issue,E7,Must,Features / Logic,,CAB302 Assessment 2: Project Progress and Performance (Submission 2 - week 11 - 25 points),,,32,Enduser101/CAB302_Wed_5pm_Group3,https://github.com/Enduser101/CAB302_Wed_5pm_Group3/issues/32
Todo,US-25,US-25 — Identify the domain of a recommendation,Issue,E7,Should,Features / Logic,,CAB302 Assessment 2: Project Progress and Performance (Submission 2 - week 11 - 25 points),,,33,Enduser101/CAB302_Wed_5pm_Group3,https://github.com/Enduser101/CAB302_Wed_5pm_Group3/issues/33
Todo,US-26,US-26 — Understand why a recommendation was made,Issue,E7,Could,Features / Logic,,CAB302 Assessment 2: Project Progress and Performance (Submission 2 - week 11 - 25 points),,,34,Enduser101/CAB302_Wed_5pm_Group3,https://github.com/Enduser101/CAB302_Wed_5pm_Group3/issues/34
Todo,US-27,US-27 — Create a sustainability scenario,Issue,E8,Must,Features / Logic,,CAB302 Assessment 2: Project Progress and Performance (Submission 2 - week 11 - 25 points),,,35,Enduser101/CAB302_Wed_5pm_Group3,https://github.com/Enduser101/CAB302_Wed_5pm_Group3/issues/35
Todo,US-28,US-28 — Compare scenario score to current score,Issue,E8,Must,Features / Logic,,CAB302 Assessment 2: Project Progress and Performance (Submission 2 - week 11 - 25 points),,,36,Enduser101/CAB302_Wed_5pm_Group3,https://github.com/Enduser101/CAB302_Wed_5pm_Group3/issues/36
Todo,US-29,US-29 — Save a scenario,Issue,E8,Should,Features / Logic,,CAB302 Assessment 2: Project Progress and Performance (Submission 2 - week 11 - 25 points),,,37,Enduser101/CAB302_Wed_5pm_Group3,https://github.com/Enduser101/CAB302_Wed_5pm_Group3/issues/37
Todo,US-30,US-30 — View saved scenarios,Issue,E8,Should,Features / Logic,,CAB302 Assessment 2: Project Progress and Performance (Submission 2 - week 11 - 25 points),,,38,Enduser101/CAB302_Wed_5pm_Group3,https://github.com/Enduser101/CAB302_Wed_5pm_Group3/issues/38
Todo,US-31,US-31 — Delete a saved scenario,Issue,E8,Could,Features / Logic,,CAB302 Assessment 2: Project Progress and Performance (Submission 2 - week 11 - 25 points),,,39,Enduser101/CAB302_Wed_5pm_Group3,https://github.com/Enduser101/CAB302_Wed_5pm_Group3/issues/39
Todo,US-32,US-32 — Remove a household member,Issue,E9,Must,Features / Logic,,CAB302 Assessment 2: Project Progress and Performance (Submission 2 - week 11 - 25 points),,,40,Enduser101/CAB302_Wed_5pm_Group3,https://github.com/Enduser101/CAB302_Wed_5pm_Group3/issues/40
Todo,US-33,US-33 — Rename a household,Issue,E9,Could,Features / Logic,,CAB302 Assessment 2: Project Progress and Performance (Submission 2 - week 11 - 25 points),,,41,Enduser101/CAB302_Wed_5pm_Group3,https://github.com/Enduser101/CAB302_Wed_5pm_Group3/issues/41
Todo,US-34,US-34 — Correct household data,Issue,E9,Should,Features / Logic,,CAB302 Assessment 2: Project Progress and Performance (Submission 2 - week 11 - 25 points),,,42,Enduser101/CAB302_Wed_5pm_Group3,https://github.com/Enduser101/CAB302_Wed_5pm_Group3/issues/42
Todo,US-35,US-35 — Transfer household administrator rights,Issue,E9,Should,Features / Logic,,CAB302 Assessment 2: Project Progress and Performance (Submission 2 - week 11 - 25 points),,,43,Enduser101/CAB302_Wed_5pm_Group3,https://github.com/Enduser101/CAB302_Wed_5pm_Group3/issues/43
Todo,US-36,US-36 — Delete household,Issue,E9,Should,Features / Logic,,CAB302 Assessment 2: Project Progress and Performance (Submission 2 - week 11 - 25 points),,,44,Enduser101/CAB302_Wed_5pm_Group3,https://github.com/Enduser101/CAB302_Wed_5pm_Group3/issues/44
In progress - Sprint,,Group Video Submission,Issue,,Must,,Enduser101; Jam577; Fbature; 8ound; lifeisthing,CAB302 Assessment 2: Project Progress and Performance (Submission 1 - week 9 - 25 points),,,80,Enduser101/CAB302_Wed_5pm_Group3,https://github.com/Enduser101/CAB302_Wed_5pm_Group3/issues/80
In progress - Sprint,US-12,US-12 — View household activity history,Issue,E4,Must,Features / Logic,lifeisthing,CAB302 Assessment 2: Project Progress and Performance (Submission 1 - week 9 - 25 points),2026-09-15,2026-09-17,20,Enduser101/CAB302_Wed_5pm_Group3,https://github.com/Enduser101/CAB302_Wed_5pm_Group3/issues/20
In progress - Sprint,US-13,US-13 — Record household membership changes,Issue,E4,Should,Features / Logic,8ound,CAB302 Assessment 2: Project Progress and Performance (Submission 1 - week 9 - 25 points),2026-09-15,2026-09-17,21,Enduser101/CAB302_Wed_5pm_Group3,https://github.com/Enduser101/CAB302_Wed_5pm_Group3/issues/21
In progress - Sprint,US-19,US-19 — Edit household sustainability information,Issue,E5,Must,Features / Logic,Fbature,CAB302 Assessment 2: Project Progress and Performance (Submission 2 - week 11 - 25 points),,,27,Enduser101/CAB302_Wed_5pm_Group3,https://github.com/Enduser101/CAB302_Wed_5pm_Group3/issues/27
In progress - Sprint,US-20,US-20 — View overall sustainability score,Issue,E6,Must,Features / Logic,8ound,CAB302 Assessment 2: Project Progress and Performance (Submission 2 - week 11 - 25 points),,,28,Enduser101/CAB302_Wed_5pm_Group3,https://github.com/Enduser101/CAB302_Wed_5pm_Group3/issues/28
In progress - Sprint,US-21,US-21 — View domain scores,Issue,E6,Must,Features / Logic,lifeisthing,CAB302 Assessment 2: Project Progress and Performance (Submission 2 - week 11 - 25 points),,,29,Enduser101/CAB302_Wed_5pm_Group3,https://github.com/Enduser101/CAB302_Wed_5pm_Group3/issues/29
In progress - Sprint,US-22,US-22 — Understand score meaning,Issue,E6,Should,Features / Logic,Fbature,CAB302 Assessment 2: Project Progress and Performance (Submission 2 - week 11 - 25 points),,,30,Enduser101/CAB302_Wed_5pm_Group3,https://github.com/Enduser101/CAB302_Wed_5pm_Group3/issues/30
In progress - Sprint,US-23,US-23 — See changes in score after updating household data,Issue,E6,Should,Features / Logic,Enduser101,CAB302 Assessment 2: Project Progress and Performance (Submission 2 - week 11 - 25 points),,,31,Enduser101/CAB302_Wed_5pm_Group3,https://github.com/Enduser101/CAB302_Wed_5pm_Group3/issues/31
Review,US-14,US-14 — Record household data changes,Issue,E4,Must,Features / Logic,Enduser101,CAB302 Assessment 2: Project Progress and Performance (Submission 1 - week 9 - 25 points),2026-09-15,2026-09-17,22,Enduser101/CAB302_Wed_5pm_Group3,https://github.com/Enduser101/CAB302_Wed_5pm_Group3/issues/22
On-Hold,,Guest mode bugs,Issue,,,,lifeisthing,,,,85,Enduser101/CAB302_Wed_5pm_Group3,https://github.com/Enduser101/CAB302_Wed_5pm_Group3/issues/85
Done,,Define Project Timeline,Issue,,,CAB302 Team,Enduser101; Jam577; Fbature; 8ound; lifeisthing,Project Definition Deadline,2026-08-19,2026-09-02,1,Enduser101/CAB302_Wed_5pm_Group3,https://github.com/Enduser101/CAB302_Wed_5pm_Group3/issues/1
Done,,UI - Authentication,Issue,,,UX / UI,Fbature,CAB302 Assessment 2: Project Progress and Performance (Submission 1 - week 9 - 25 points),2026-08-30,2026-09-12,45,Enduser101/CAB302_Wed_5pm_Group3,https://github.com/Enduser101/CAB302_Wed_5pm_Group3/issues/45
Done,,UI - Household Setup,Issue,,,UX / UI,Jam577,CAB302 Assessment 2: Project Progress and Performance (Submission 1 - week 9 - 25 points),2026-08-30,2026-09-12,46,Enduser101/CAB302_Wed_5pm_Group3,https://github.com/Enduser101/CAB302_Wed_5pm_Group3/issues/46
Done,,UI - Dashboard,Issue,,,UX / UI,,CAB302 Assessment 2: Project Progress and Performance (Submission 1 - week 9 - 25 points),2026-08-30,2026-09-08,47,Enduser101/CAB302_Wed_5pm_Group3,https://github.com/Enduser101/CAB302_Wed_5pm_Group3/issues/47
Done,,UI - Resource Tracking,Issue,,,UX / UI,,CAB302 Assessment 2: Project Progress and Performance (Submission 1 - week 9 - 25 points),2026-08-30,2026-09-12,48,Enduser101/CAB302_Wed_5pm_Group3,https://github.com/Enduser101/CAB302_Wed_5pm_Group3/issues/48
Done,,UI - Recommendations,Issue,,,UX / UI,,CAB302 Assessment 2: Project Progress and Performance (Submission 1 - week 9 - 25 points),2026-08-30,2026-09-12,49,Enduser101/CAB302_Wed_5pm_Group3,https://github.com/Enduser101/CAB302_Wed_5pm_Group3/issues/49
Done,,UI - Scenario Simulator,Issue,,,UX / UI,Fbature,CAB302 Assessment 2: Project Progress and Performance (Submission 2 - week 11 - 25 points),2026-08-30,2026-09-11,50,Enduser101/CAB302_Wed_5pm_Group3,https://github.com/Enduser101/CAB302_Wed_5pm_Group3/issues/50
Done,,UI - Household Management,Issue,,,UX / UI,,CAB302 Assessment 2: Project Progress and Performance (Submission 1 - week 9 - 25 points),2026-08-31,2026-09-12,51,Enduser101/CAB302_Wed_5pm_Group3,https://github.com/Enduser101/CAB302_Wed_5pm_Group3/issues/51
Done,,UI - Account,Issue,,,UX / UI,,CAB302 Assessment 2: Project Progress and Performance (Submission 1 - week 9 - 25 points),2026-08-31,2026-09-12,52,Enduser101/CAB302_Wed_5pm_Group3,https://github.com/Enduser101/CAB302_Wed_5pm_Group3/issues/52
Done,,Authentication Low Fid,Issue,,,UX / UI,Fbature,CAB302 Assessment 2: Project Progress and Performance (Submission 1 - week 9 - 25 points),2026-08-30,2026-09-09,53,Enduser101/CAB302_Wed_5pm_Group3,https://github.com/Enduser101/CAB302_Wed_5pm_Group3/issues/53
Done,,Household Setup Low Fid,Issue,,,UX / UI,Jam577,CAB302 Assessment 2: Project Progress and Performance (Submission 1 - week 9 - 25 points),2026-08-30,2026-09-09,54,Enduser101/CAB302_Wed_5pm_Group3,https://github.com/Enduser101/CAB302_Wed_5pm_Group3/issues/54
Done,,Dashboard Low Fid,Issue,,,UX / UI,Jam577,CAB302 Assessment 2: Project Progress and Performance (Submission 1 - week 9 - 25 points),2026-08-30,2026-09-09,55,Enduser101/CAB302_Wed_5pm_Group3,https://github.com/Enduser101/CAB302_Wed_5pm_Group3/issues/55
Done,,Dashboard Mid-High Fid,Issue,,,UX / UI,,CAB302 Assessment 2: Project Progress and Performance (Submission 1 - week 9 - 25 points),2026-09-09,2026-09-12,56,Enduser101/CAB302_Wed_5pm_Group3,https://github.com/Enduser101/CAB302_Wed_5pm_Group3/issues/56
Done,,Authentication Mid-High Fid,Issue,,,UX / UI,Fbature,CAB302 Assessment 2: Project Progress and Performance (Submission 1 - week 9 - 25 points),2026-09-09,2026-09-12,57,Enduser101/CAB302_Wed_5pm_Group3,https://github.com/Enduser101/CAB302_Wed_5pm_Group3/issues/57
Done,,Household Setup Mid-High Fid,Issue,,,UX / UI,Jam577,CAB302 Assessment 2: Project Progress and Performance (Submission 1 - week 9 - 25 points),2026-09-09,2026-09-12,58,Enduser101/CAB302_Wed_5pm_Group3,https://github.com/Enduser101/CAB302_Wed_5pm_Group3/issues/58
Done,,Resource tracking Low Fid,Issue,,,UX / UI,,CAB302 Assessment 2: Project Progress and Performance (Submission 1 - week 9 - 25 points),2026-08-30,2026-09-09,59,Enduser101/CAB302_Wed_5pm_Group3,https://github.com/Enduser101/CAB302_Wed_5pm_Group3/issues/59
Done,,Resource Tracking Mid-High Fid,Issue,,,UX / UI,,CAB302 Assessment 2: Project Progress and Performance (Submission 1 - week 9 - 25 points),2026-09-09,2026-09-12,60,Enduser101/CAB302_Wed_5pm_Group3,https://github.com/Enduser101/CAB302_Wed_5pm_Group3/issues/60
Done,,Recommendations Low Fid,Issue,,,UX / UI,Jam577,CAB302 Assessment 2: Project Progress and Performance (Submission 1 - week 9 - 25 points),2026-08-30,2026-09-09,61,Enduser101/CAB302_Wed_5pm_Group3,https://github.com/Enduser101/CAB302_Wed_5pm_Group3/issues/61
Done,,Recommendation Mid-High Fid,Issue,,,UX / UI,Jam577,CAB302 Assessment 2: Project Progress and Performance (Submission 1 - week 9 - 25 points),2026-09-09,2026-09-12,62,Enduser101/CAB302_Wed_5pm_Group3,https://github.com/Enduser101/CAB302_Wed_5pm_Group3/issues/62
Done,,Scenario Simulator Low Fid,Issue,,,UX / UI,Fbature,CAB302 Assessment 2: Project Progress and Performance (Submission 1 - week 9 - 25 points),2026-08-30,2026-09-09,63,Enduser101/CAB302_Wed_5pm_Group3,https://github.com/Enduser101/CAB302_Wed_5pm_Group3/issues/63
Done,,Scenario Simulator Mid-High Fid,Issue,,,UX / UI,Fbature,CAB302 Assessment 2: Project Progress and Performance (Submission 1 - week 9 - 25 points),2026-09-09,2026-09-12,64,Enduser101/CAB302_Wed_5pm_Group3,https://github.com/Enduser101/CAB302_Wed_5pm_Group3/issues/64
Done,,Household Management Low Fid,Issue,,,UX / UI,Jam577,CAB302 Assessment 2: Project Progress and Performance (Submission 1 - week 9 - 25 points),2026-08-30,2026-09-09,65,Enduser101/CAB302_Wed_5pm_Group3,https://github.com/Enduser101/CAB302_Wed_5pm_Group3/issues/65
Done,,Household Management Mid-High Fid,Issue,,,UX / UI,,CAB302 Assessment 2: Project Progress and Performance (Submission 1 - week 9 - 25 points),2026-09-09,2026-09-12,66,Enduser101/CAB302_Wed_5pm_Group3,https://github.com/Enduser101/CAB302_Wed_5pm_Group3/issues/66
Done,,Account Low Fid,Issue,,,UX / UI,Jam577,CAB302 Assessment 2: Project Progress and Performance (Submission 1 - week 9 - 25 points),2026-08-30,2026-09-09,67,Enduser101/CAB302_Wed_5pm_Group3,https://github.com/Enduser101/CAB302_Wed_5pm_Group3/issues/67
Done,,Account Mid-High Fid,Issue,,,UX / UI,,CAB302 Assessment 2: Project Progress and Performance (Submission 1 - week 9 - 25 points),2026-09-09,2026-09-12,68,Enduser101/CAB302_Wed_5pm_Group3,https://github.com/Enduser101/CAB302_Wed_5pm_Group3/issues/68
Done,,Determine Style sheets,Issue,,,CAB302 Team,,CAB302 Assessment 2: Project Progress and Performance (Submission 1 - week 9 - 25 points),2026-08-26,2026-09-02,69,Enduser101/CAB302_Wed_5pm_Group3,https://github.com/Enduser101/CAB302_Wed_5pm_Group3/issues/69
Done,,Determine Colour Pallet,Issue,,,CAB302 Team,,CAB302 Assessment 2: Project Progress and Performance (Submission 1 - week 9 - 25 points),2026-08-26,2026-09-02,70,Enduser101/CAB302_Wed_5pm_Group3,https://github.com/Enduser101/CAB302_Wed_5pm_Group3/issues/70
Done,,Determine Architecture Map,Issue,,,CAB302 Team,Fbature,CAB302 Assessment 2: Project Progress and Performance (Submission 1 - week 9 - 25 points),2026-09-02,2026-09-06,71,Enduser101/CAB302_Wed_5pm_Group3,https://github.com/Enduser101/CAB302_Wed_5pm_Group3/issues/71
Done,,Develop User Stories,Issue,,,CAB302 Team,,CAB302 Assessment 2: Project Progress and Performance (Submission 1 - week 9 - 25 points),2026-08-19,2026-08-26,72,Enduser101/CAB302_Wed_5pm_Group3,https://github.com/Enduser101/CAB302_Wed_5pm_Group3/issues/72
Done,,Database Mapping ORM,Issue,,Must,,Enduser101,,,,73,Enduser101/CAB302_Wed_5pm_Group3,https://github.com/Enduser101/CAB302_Wed_5pm_Group3/issues/73
Done,,Object mapping and interactions,Issue,,Must,,,,,,74,Enduser101/CAB302_Wed_5pm_Group3,https://github.com/Enduser101/CAB302_Wed_5pm_Group3/issues/74
Done,,Maths function mapping,Issue,,Must,,Fbature,CAB302 Assessment 2: Project Progress and Performance (Submission 1 - week 9 - 25 points),,,75,Enduser101/CAB302_Wed_5pm_Group3,https://github.com/Enduser101/CAB302_Wed_5pm_Group3/issues/75
Done,,Create UML Draft,Issue,,,,lifeisthing,,,,76,Enduser101/CAB302_Wed_5pm_Group3,https://github.com/Enduser101/CAB302_Wed_5pm_Group3/issues/76
Done,,ER Draft,Issue,,,,Enduser101,,,,77,Enduser101/CAB302_Wed_5pm_Group3,https://github.com/Enduser101/CAB302_Wed_5pm_Group3/issues/77
Done,,UML Final,Issue,,,,lifeisthing,,,,78,Enduser101/CAB302_Wed_5pm_Group3,https://github.com/Enduser101/CAB302_Wed_5pm_Group3/issues/78
Done,,ER Final,Issue,,,,Enduser101,,,,79,Enduser101/CAB302_Wed_5pm_Group3,https://github.com/Enduser101/CAB302_Wed_5pm_Group3/issues/79
Done,,Release 1: Auth and household features,PullRequest,,,CAB302 Team,Enduser101,CAB302 Assessment 2: Project Progress and Performance (Submission 1 - week 9 - 25 points),2026-09-09,2026-09-16,81,Enduser101/CAB302_Wed_5pm_Group3,https://github.com/Enduser101/CAB302_Wed_5pm_Group3/pull/81
Done,US-01,US-01 — Register an account,Issue,E1,Must,Features / Logic,Fbature,CAB302 Assessment 2: Project Progress and Performance (Submission 1 - week 9 - 25 points),2026-09-13,2026-09-15,9,Enduser101/CAB302_Wed_5pm_Group3,https://github.com/Enduser101/CAB302_Wed_5pm_Group3/issues/9
Done,US-02,US-02 — Log in,Issue,E1,Must,Features / Logic,Fbature,CAB302 Assessment 2: Project Progress and Performance (Submission 1 - week 9 - 25 points),2026-09-13,2026-09-15,10,Enduser101/CAB302_Wed_5pm_Group3,https://github.com/Enduser101/CAB302_Wed_5pm_Group3/issues/10
Done,US-03,US-03 — Try EcoTwin without an account,Issue,E1,Should,Features / Logic,lifeisthing,CAB302 Assessment 2: Project Progress and Performance (Submission 1 - week 9 - 25 points),2026-09-13,2026-09-15,11,Enduser101/CAB302_Wed_5pm_Group3,https://github.com/Enduser101/CAB302_Wed_5pm_Group3/issues/11
Done,US-04,US-04 — Restrict household membership to registered users,Issue,E1,Should,Features / Logic,lifeisthing,CAB302 Assessment 2: Project Progress and Performance (Submission 1 - week 9 - 25 points),2026-09-13,2026-09-15,12,Enduser101/CAB302_Wed_5pm_Group3,https://github.com/Enduser101/CAB302_Wed_5pm_Group3/issues/12
Done,US-05,US-05 — View account details,Issue,E2,Should,Features / Logic,8ound,CAB302 Assessment 2: Project Progress and Performance (Submission 1 - week 9 - 25 points),2026-09-13,2026-09-15,13,Enduser101/CAB302_Wed_5pm_Group3,https://github.com/Enduser101/CAB302_Wed_5pm_Group3/issues/13
Done,US-06,US-06 — Change password,Issue,E2,Should,Features / Logic,8ound,CAB302 Assessment 2: Project Progress and Performance (Submission 1 - week 9 - 25 points),2026-09-13,2026-09-15,14,Enduser101/CAB302_Wed_5pm_Group3,https://github.com/Enduser101/CAB302_Wed_5pm_Group3/issues/14
Done,US-07,US-07 — Log out,Issue,E2,Must,Features / Logic,Enduser101,CAB302 Assessment 2: Project Progress and Performance (Submission 1 - week 9 - 25 points),2026-09-13,2026-09-15,15,Enduser101/CAB302_Wed_5pm_Group3,https://github.com/Enduser101/CAB302_Wed_5pm_Group3/issues/15
Done,US-05,"Account details and change password (US-05, US-06, US-07)",PullRequest,E2,,,8ound,CAB302 Assessment 2: Project Progress and Performance (Submission 1 - week 9 - 25 points),,,86,Enduser101/CAB302_Wed_5pm_Group3,https://github.com/Enduser101/CAB302_Wed_5pm_Group3/pull/86
Done,US-08,US-08 — Create a household,Issue,E3,Must,Features / Logic,Enduser101,CAB302 Assessment 2: Project Progress and Performance (Submission 1 - week 9 - 25 points),2026-09-15,2026-09-17,16,Enduser101/CAB302_Wed_5pm_Group3,https://github.com/Enduser101/CAB302_Wed_5pm_Group3/issues/16
Done,US-09,US-09 — Join a household,Issue,E3,Must,Features / Logic,Enduser101,CAB302 Assessment 2: Project Progress and Performance (Submission 1 - week 9 - 25 points),2026-09-15,2026-09-17,17,Enduser101/CAB302_Wed_5pm_Group3,https://github.com/Enduser101/CAB302_Wed_5pm_Group3/issues/17
Done,US-10,US-10 — Leave a household,Issue,E3,Must,Features / Logic,Jam577,CAB302 Assessment 2: Project Progress and Performance (Submission 1 - week 9 - 25 points),,,18,Enduser101/CAB302_Wed_5pm_Group3,https://github.com/Enduser101/CAB302_Wed_5pm_Group3/issues/18
Done,US-11,US-11 — View current household members,Issue,E3,Should,Features / Logic,Jam577,CAB302 Assessment 2: Project Progress and Performance (Submission 1 - week 9 - 25 points),2026-09-15,2026-09-17,19,Enduser101/CAB302_Wed_5pm_Group3,https://github.com/Enduser101/CAB302_Wed_5pm_Group3/issues/19
Done,US-15,Household resource tracking (US-15–18) + CI test gate,PullRequest,E4; E5,,,Enduser101,CAB302 Assessment 2: Project Progress and Performance (Submission 1 - week 9 - 25 points),,,82,Enduser101/CAB302_Wed_5pm_Group3,https://github.com/Enduser101/CAB302_Wed_5pm_Group3/pull/82
Done,US-15,US-15 — Record energy information,Issue,E5,Must,Features / Logic,Enduser101,CAB302 Assessment 2: Project Progress and Performance (Submission 2 - week 11 - 25 points),,,23,Enduser101/CAB302_Wed_5pm_Group3,https://github.com/Enduser101/CAB302_Wed_5pm_Group3/issues/23
Done,US-16,US-16 — Record water information,Issue,E5,Must,Features / Logic,Enduser101,CAB302 Assessment 2: Project Progress and Performance (Submission 2 - week 11 - 25 points),,,24,Enduser101/CAB302_Wed_5pm_Group3,https://github.com/Enduser101/CAB302_Wed_5pm_Group3/issues/24
Done,US-17,US-17 — Record waste information,Issue,E5,Must,Features / Logic,Enduser101,CAB302 Assessment 2: Project Progress and Performance (Submission 2 - week 11 - 25 points),,,25,Enduser101/CAB302_Wed_5pm_Group3,https://github.com/Enduser101/CAB302_Wed_5pm_Group3/issues/25
Done,US-18,US-18 — Record transport information,Issue,E5,Must,Features / Logic,Enduser101,CAB302 Assessment 2: Project Progress and Performance (Submission 2 - week 11 - 25 points),,,26,Enduser101/CAB302_Wed_5pm_Group3,https://github.com/Enduser101/CAB302_Wed_5pm_Group3/issues/26
