Title	URL	Assignees	Linked pull requests	Sub-issues progress	Start date	Target date	Iteration	Quarter	CAB302_Team
Determine Architecture Map	https://github.com/Enduser101/CAB302_Wed_5pm_Group3/issues/71	Fbature		2 / 2 (100%)	Sep 2, 2026	Sep 6, 2026			CAB302 Team
Define Project Timeline	https://github.com/Enduser101/CAB302_Wed_5pm_Group3/issues/1	8ound, Enduser101, Fbature, Jam577, lifeisthing			Aug 19, 2026	Sep 2, 2026	Iteration 1		CAB302 Team
Determine Style sheets	https://github.com/Enduser101/CAB302_Wed_5pm_Group3/issues/69				Aug 26, 2026	Sep 2, 2026			CAB302 Team
Determine Colour Pallet	https://github.com/Enduser101/CAB302_Wed_5pm_Group3/issues/70				Aug 26, 2026	Sep 2, 2026			CAB302 Team
Develop User Stories	https://github.com/Enduser101/CAB302_Wed_5pm_Group3/issues/72				Aug 19, 2026	Aug 26, 2026			CAB302 Team
Release 1: Auth and household features	https://github.com/Enduser101/CAB302_Wed_5pm_Group3/pull/81	Enduser101			Sep 9, 2026	Sep 16, 2026			CAB302 Team
UI - Recommendations	https://github.com/Enduser101/CAB302_Wed_5pm_Group3/issues/49			2 / 2 (100%)	Aug 30, 2026	Sep 12, 2026			UX / UI
UI - Dashboard	https://github.com/Enduser101/CAB302_Wed_5pm_Group3/issues/47		https://github.com/Enduser101/CAB302_Wed_5pm_Group3/pull/2	2 / 2 (100%)	Aug 30, 2026	Sep 8, 2026			UX / UI
UI - Scenario Simulator	https://github.com/Enduser101/CAB302_Wed_5pm_Group3/issues/50	Fbature	https://github.com/Enduser101/CAB302_Wed_5pm_Group3/pull/2	2 / 2 (100%)	Aug 30, 2026	Sep 11, 2026			UX / UI
UI - Household Management	https://github.com/Enduser101/CAB302_Wed_5pm_Group3/issues/51		https://github.com/Enduser101/CAB302_Wed_5pm_Group3/pull/2	2 / 2 (100%)	Aug 31, 2026	Sep 12, 2026			UX / UI
UI - Resource Tracking	https://github.com/Enduser101/CAB302_Wed_5pm_Group3/issues/48		https://github.com/Enduser101/CAB302_Wed_5pm_Group3/pull/2	2 / 2 (100%)	Aug 30, 2026	Sep 12, 2026			UX / UI
UI - Account	https://github.com/Enduser101/CAB302_Wed_5pm_Group3/issues/52		https://github.com/Enduser101/CAB302_Wed_5pm_Group3/pull/2	2 / 2 (100%)	Aug 31, 2026	Sep 12, 2026			UX / UI
UI - Authentication	https://github.com/Enduser101/CAB302_Wed_5pm_Group3/issues/45	Fbature	https://github.com/Enduser101/CAB302_Wed_5pm_Group3/pull/2	2 / 2 (100%)	Aug 30, 2026	Sep 12, 2026			UX / UI
UI - Household Setup	https://github.com/Enduser101/CAB302_Wed_5pm_Group3/issues/46	Jam577	https://github.com/Enduser101/CAB302_Wed_5pm_Group3/pull/2	2 / 2 (100%)	Aug 30, 2026	Sep 12, 2026			UX / UI
US-06 — Change password	https://github.com/Enduser101/CAB302_Wed_5pm_Group3/issues/14	8ound	https://github.com/Enduser101/CAB302_Wed_5pm_Group3/pull/86		Sep 13, 2026	Sep 15, 2026			Features / Logic
US-05 — View account details	https://github.com/Enduser101/CAB302_Wed_5pm_Group3/issues/13	8ound	https://github.com/Enduser101/CAB302_Wed_5pm_Group3/pull/86		Sep 13, 2026	Sep 15, 2026			Features / Logic
US-04 — Restrict household membership to registered users	https://github.com/Enduser101/CAB302_Wed_5pm_Group3/issues/12	lifeisthing	https://github.com/Enduser101/CAB302_Wed_5pm_Group3/pull/84		Sep 13, 2026	Sep 15, 2026			Features / Logic
US-03 — Try EcoTwin without an account	https://github.com/Enduser101/CAB302_Wed_5pm_Group3/issues/11	lifeisthing	https://github.com/Enduser101/CAB302_Wed_5pm_Group3/pull/84		Sep 13, 2026	Sep 15, 2026			Features / Logic
US-22 — Understand score meaning	https://github.com/Enduser101/CAB302_Wed_5pm_Group3/issues/30	Fbature							Features / Logic
US-21 — View domain scores	https://github.com/Enduser101/CAB302_Wed_5pm_Group3/issues/29	lifeisthing							Features / Logic
US-20 — View overall sustainability score	https://github.com/Enduser101/CAB302_Wed_5pm_Group3/issues/28	8ound							Features / Logic
US-23 — See changes in score after updating household data	https://github.com/Enduser101/CAB302_Wed_5pm_Group3/issues/31	Enduser101							Features / Logic
US-15 — Record energy information	https://github.com/Enduser101/CAB302_Wed_5pm_Group3/issues/23	Enduser101							Features / Logic
US-18 — Record transport information	https://github.com/Enduser101/CAB302_Wed_5pm_Group3/issues/26	Enduser101							Features / Logic
US-16 — Record water information	https://github.com/Enduser101/CAB302_Wed_5pm_Group3/issues/24	Enduser101							Features / Logic
US-17 — Record waste information	https://github.com/Enduser101/CAB302_Wed_5pm_Group3/issues/25	Enduser101	https://github.com/Enduser101/CAB302_Wed_5pm_Group3/pull/82						Features / Logic
US-14 — Record household data changes	https://github.com/Enduser101/CAB302_Wed_5pm_Group3/issues/22	Enduser101			Sep 15, 2026	Sep 17, 2026			Features / Logic
US-13 — Record household membership changes	https://github.com/Enduser101/CAB302_Wed_5pm_Group3/issues/21	8ound			Sep 15, 2026	Sep 17, 2026			Features / Logic
US-11 — View current household members	https://github.com/Enduser101/CAB302_Wed_5pm_Group3/issues/19	Jam577	https://github.com/Enduser101/CAB302_Wed_5pm_Group3/pull/81		Sep 15, 2026	Sep 17, 2026			Features / Logic
US-10 — Leave a household	https://github.com/Enduser101/CAB302_Wed_5pm_Group3/issues/18	Jam577	https://github.com/Enduser101/CAB302_Wed_5pm_Group3/pull/81						Features / Logic
US-08 — Create a household	https://github.com/Enduser101/CAB302_Wed_5pm_Group3/issues/16	Enduser101	https://github.com/Enduser101/CAB302_Wed_5pm_Group3/pull/81		Sep 15, 2026	Sep 17, 2026			Features / Logic
US-09 — Join a household	https://github.com/Enduser101/CAB302_Wed_5pm_Group3/issues/17	Enduser101	https://github.com/Enduser101/CAB302_Wed_5pm_Group3/pull/81		Sep 15, 2026	Sep 17, 2026			Features / Logic
US-07 — Log out	https://github.com/Enduser101/CAB302_Wed_5pm_Group3/issues/15	Enduser101	https://github.com/Enduser101/CAB302_Wed_5pm_Group3/pull/81		Sep 13, 2026	Sep 15, 2026			Features / Logic
US-19 — Edit household sustainability information	https://github.com/Enduser101/CAB302_Wed_5pm_Group3/issues/27	Fbature							Features / Logic
US-12 — View household activity history	https://github.com/Enduser101/CAB302_Wed_5pm_Group3/issues/20	lifeisthing			Sep 15, 2026	Sep 17, 2026			Features / Logic
US-02 — Log in	https://github.com/Enduser101/CAB302_Wed_5pm_Group3/issues/10	Fbature	https://github.com/Enduser101/CAB302_Wed_5pm_Group3/pull/81		Sep 13, 2026	Sep 15, 2026			Features / Logic
US-01 — Register an account	https://github.com/Enduser101/CAB302_Wed_5pm_Group3/issues/9	Fbature	https://github.com/Enduser101/CAB302_Wed_5pm_Group3/pull/81		Sep 13, 2026	Sep 15, 2026			Features / Logic
US-24 — Receive sustainability recommendations	https://github.com/Enduser101/CAB302_Wed_5pm_Group3/issues/32								Features / Logic
US-25 — Identify the domain of a recommendation	https://github.com/Enduser101/CAB302_Wed_5pm_Group3/issues/33								Features / Logic
US-26 — Understand why a recommendation was made	https://github.com/Enduser101/CAB302_Wed_5pm_Group3/issues/34								Features / Logic
US-27 — Create a sustainability scenario	https://github.com/Enduser101/CAB302_Wed_5pm_Group3/issues/35								Features / Logic
US-28 — Compare scenario score to current score	https://github.com/Enduser101/CAB302_Wed_5pm_Group3/issues/36								Features / Logic
US-29 — Save a scenario	https://github.com/Enduser101/CAB302_Wed_5pm_Group3/issues/37								Features / Logic
US-30 — View saved scenarios	https://github.com/Enduser101/CAB302_Wed_5pm_Group3/issues/38								Features / Logic
US-31 — Delete a saved scenario	https://github.com/Enduser101/CAB302_Wed_5pm_Group3/issues/39								Features / Logic
US-32 — Remove a household member	https://github.com/Enduser101/CAB302_Wed_5pm_Group3/issues/40								Features / Logic
US-33 — Rename a household	https://github.com/Enduser101/CAB302_Wed_5pm_Group3/issues/41								Features / Logic
US-34 — Correct household data	https://github.com/Enduser101/CAB302_Wed_5pm_Group3/issues/42								Features / Logic
US-35 — Transfer household administrator rights	https://github.com/Enduser101/CAB302_Wed_5pm_Group3/issues/43								Features / Logic
US-36 — Delete household	https://github.com/Enduser101/CAB302_Wed_5pm_Group3/issues/44								Features / Logic
Guest mode bugs	https://github.com/Enduser101/CAB302_Wed_5pm_Group3/issues/85	lifeisthing							
Household resource tracking (US-15–18) + CI test gate	https://github.com/Enduser101/CAB302_Wed_5pm_Group3/pull/82	Enduser101							
Group Video Submission	https://github.com/Enduser101/CAB302_Wed_5pm_Group3/issues/80	8ound, Enduser101, Fbature, Jam577, lifeisthing							
Maths function mapping	https://github.com/Enduser101/CAB302_Wed_5pm_Group3/issues/75	Fbature							
Account details and change password (US-05, US-06, US-07)	https://github.com/Enduser101/CAB302_Wed_5pm_Group3/pull/86	8ound							