Title	URL	Assignees	Status	Linked pull requests	Sub-issues progress	Labels	Milestone
US-24 — Receive sustainability recommendations	https://github.com/Enduser101/CAB302_Wed_5pm_Group3/issues/32		Todo			Epic:E7, Priority:Must	CAB302 Assessment 2: Project Progress and Performance (Submission 2 - week 11 - 25 points)
US-25 — Identify the domain of a recommendation	https://github.com/Enduser101/CAB302_Wed_5pm_Group3/issues/33		Todo			Epic:E7, Priority:Should	CAB302 Assessment 2: Project Progress and Performance (Submission 2 - week 11 - 25 points)
US-26 — Understand why a recommendation was made	https://github.com/Enduser101/CAB302_Wed_5pm_Group3/issues/34		Todo			Epic:E7, Priority:Could	CAB302 Assessment 2: Project Progress and Performance (Submission 2 - week 11 - 25 points)
US-27 — Create a sustainability scenario	https://github.com/Enduser101/CAB302_Wed_5pm_Group3/issues/35		Todo			Epic:E8, Priority:Must	CAB302 Assessment 2: Project Progress and Performance (Submission 2 - week 11 - 25 points)
US-28 — Compare scenario score to current score	https://github.com/Enduser101/CAB302_Wed_5pm_Group3/issues/36		Todo			Epic:E8, Priority:Must	CAB302 Assessment 2: Project Progress and Performance (Submission 2 - week 11 - 25 points)
US-29 — Save a scenario	https://github.com/Enduser101/CAB302_Wed_5pm_Group3/issues/37		Todo			Epic:E8, Priority:Should	CAB302 Assessment 2: Project Progress and Performance (Submission 2 - week 11 - 25 points)
US-30 — View saved scenarios	https://github.com/Enduser101/CAB302_Wed_5pm_Group3/issues/38		Todo			Epic:E8, Priority:Should	CAB302 Assessment 2: Project Progress and Performance (Submission 2 - week 11 - 25 points)
US-31 — Delete a saved scenario	https://github.com/Enduser101/CAB302_Wed_5pm_Group3/issues/39		Todo			Epic:E8, Priority:Could	CAB302 Assessment 2: Project Progress and Performance (Submission 2 - week 11 - 25 points)
US-32 — Remove a household member	https://github.com/Enduser101/CAB302_Wed_5pm_Group3/issues/40		Todo			Epic:E9, Priority:Must	CAB302 Assessment 2: Project Progress and Performance (Submission 2 - week 11 - 25 points)
US-33 — Rename a household	https://github.com/Enduser101/CAB302_Wed_5pm_Group3/issues/41		Todo			Epic:E9, Priority:Could	CAB302 Assessment 2: Project Progress and Performance (Submission 2 - week 11 - 25 points)
US-34 — Correct household data	https://github.com/Enduser101/CAB302_Wed_5pm_Group3/issues/42		Todo			Epic:E9, Priority:Should	CAB302 Assessment 2: Project Progress and Performance (Submission 2 - week 11 - 25 points)
US-35 — Transfer household administrator rights	https://github.com/Enduser101/CAB302_Wed_5pm_Group3/issues/43		Todo			Epic:E9, Priority:Should	CAB302 Assessment 2: Project Progress and Performance (Submission 2 - week 11 - 25 points)
US-36 — Delete household	https://github.com/Enduser101/CAB302_Wed_5pm_Group3/issues/44		Todo			Epic:E9, Priority:Should	CAB302 Assessment 2: Project Progress and Performance (Submission 2 - week 11 - 25 points)
US-13 — Record household membership changes	https://github.com/Enduser101/CAB302_Wed_5pm_Group3/issues/21	8ound	In progress - Sprint			Epic:E4, Priority:Should	CAB302 Assessment 2: Project Progress and Performance (Submission 1 - week 9 - 25 points)
US-12 — View household activity history	https://github.com/Enduser101/CAB302_Wed_5pm_Group3/issues/20	lifeisthing	In progress - Sprint			Epic:E4, Priority:Must	CAB302 Assessment 2: Project Progress and Performance (Submission 1 - week 9 - 25 points)
US-19 — Edit household sustainability information	https://github.com/Enduser101/CAB302_Wed_5pm_Group3/issues/27	Fbature	In progress - Sprint			Epic:E5, Priority:Must	CAB302 Assessment 2: Project Progress and Performance (Submission 2 - week 11 - 25 points)
US-22 — Understand score meaning	https://github.com/Enduser101/CAB302_Wed_5pm_Group3/issues/30	Fbature	In progress - Sprint			Epic:E6, Priority:Should	CAB302 Assessment 2: Project Progress and Performance (Submission 2 - week 11 - 25 points)
US-21 — View domain scores	https://github.com/Enduser101/CAB302_Wed_5pm_Group3/issues/29	lifeisthing	In progress - Sprint			Epic:E6, Priority:Must	CAB302 Assessment 2: Project Progress and Performance (Submission 2 - week 11 - 25 points)
US-20 — View overall sustainability score	https://github.com/Enduser101/CAB302_Wed_5pm_Group3/issues/28	8ound	In progress - Sprint			Epic:E6, Priority:Must	CAB302 Assessment 2: Project Progress and Performance (Submission 2 - week 11 - 25 points)
US-23 — See changes in score after updating household data	https://github.com/Enduser101/CAB302_Wed_5pm_Group3/issues/31	Enduser101	In progress - Sprint			Epic:E6, Priority:Should	CAB302 Assessment 2: Project Progress and Performance (Submission 2 - week 11 - 25 points)
Group Video Submission	https://github.com/Enduser101/CAB302_Wed_5pm_Group3/issues/80	8ound, Enduser101, Fbature, Jam577, lifeisthing	In progress - Sprint			Priority:Must	CAB302 Assessment 2: Project Progress and Performance (Submission 1 - week 9 - 25 points)
Guest mode bugs	https://github.com/Enduser101/CAB302_Wed_5pm_Group3/issues/85	lifeisthing	On-Hold			bug	
US-14 — Record household data changes	https://github.com/Enduser101/CAB302_Wed_5pm_Group3/issues/22	Enduser101	Review			Epic:E4, Priority:Must	CAB302 Assessment 2: Project Progress and Performance (Submission 1 - week 9 - 25 points)
US-04 — Restrict household membership to registered users	https://github.com/Enduser101/CAB302_Wed_5pm_Group3/issues/12	lifeisthing	Done	https://github.com/Enduser101/CAB302_Wed_5pm_Group3/pull/84		Epic:E1, Priority:Should	CAB302 Assessment 2: Project Progress and Performance (Submission 1 - week 9 - 25 points)
US-03 — Try EcoTwin without an account	https://github.com/Enduser101/CAB302_Wed_5pm_Group3/issues/11	lifeisthing	Done	https://github.com/Enduser101/CAB302_Wed_5pm_Group3/pull/84		Epic:E1, Priority:Should	CAB302 Assessment 2: Project Progress and Performance (Submission 1 - week 9 - 25 points)
US-02 — Log in	https://github.com/Enduser101/CAB302_Wed_5pm_Group3/issues/10	Fbature	Done	https://github.com/Enduser101/CAB302_Wed_5pm_Group3/pull/81		Epic:E1, Priority:Must	CAB302 Assessment 2: Project Progress and Performance (Submission 1 - week 9 - 25 points)
US-01 — Register an account	https://github.com/Enduser101/CAB302_Wed_5pm_Group3/issues/9	Fbature	Done	https://github.com/Enduser101/CAB302_Wed_5pm_Group3/pull/81		Epic:E1, Priority:Must	CAB302 Assessment 2: Project Progress and Performance (Submission 1 - week 9 - 25 points)
US-06 — Change password	https://github.com/Enduser101/CAB302_Wed_5pm_Group3/issues/14	8ound	Done	https://github.com/Enduser101/CAB302_Wed_5pm_Group3/pull/86		Epic:E2, Priority:Should	CAB302 Assessment 2: Project Progress and Performance (Submission 1 - week 9 - 25 points)
US-05 — View account details	https://github.com/Enduser101/CAB302_Wed_5pm_Group3/issues/13	8ound	Done	https://github.com/Enduser101/CAB302_Wed_5pm_Group3/pull/86		Epic:E2, Priority:Should	CAB302 Assessment 2: Project Progress and Performance (Submission 1 - week 9 - 25 points)
US-07 — Log out	https://github.com/Enduser101/CAB302_Wed_5pm_Group3/issues/15	Enduser101	Done	https://github.com/Enduser101/CAB302_Wed_5pm_Group3/pull/81		Epic:E2, Priority:Must	CAB302 Assessment 2: Project Progress and Performance (Submission 1 - week 9 - 25 points)
Account details and change password (US-05, US-06, US-07)	https://github.com/Enduser101/CAB302_Wed_5pm_Group3/pull/86	8ound	Done			Epic:E2	CAB302 Assessment 2: Project Progress and Performance (Submission 1 - week 9 - 25 points)
US-11 — View current household members	https://github.com/Enduser101/CAB302_Wed_5pm_Group3/issues/19	Jam577	Done	https://github.com/Enduser101/CAB302_Wed_5pm_Group3/pull/81		Epic:E3, Priority:Should	CAB302 Assessment 2: Project Progress and Performance (Submission 1 - week 9 - 25 points)
US-10 — Leave a household	https://github.com/Enduser101/CAB302_Wed_5pm_Group3/issues/18	Jam577	Done	https://github.com/Enduser101/CAB302_Wed_5pm_Group3/pull/81		Epic:E3, Priority:Must	CAB302 Assessment 2: Project Progress and Performance (Submission 1 - week 9 - 25 points)
US-08 — Create a household	https://github.com/Enduser101/CAB302_Wed_5pm_Group3/issues/16	Enduser101	Done	https://github.com/Enduser101/CAB302_Wed_5pm_Group3/pull/81		Epic:E3, Priority:Must	CAB302 Assessment 2: Project Progress and Performance (Submission 1 - week 9 - 25 points)
US-09 — Join a household	https://github.com/Enduser101/CAB302_Wed_5pm_Group3/issues/17	Enduser101	Done	https://github.com/Enduser101/CAB302_Wed_5pm_Group3/pull/81		Epic:E3, Priority:Must	CAB302 Assessment 2: Project Progress and Performance (Submission 1 - week 9 - 25 points)
Household resource tracking (US-15–18) + CI test gate	https://github.com/Enduser101/CAB302_Wed_5pm_Group3/pull/82	Enduser101	Done			Epic:E4, Epic:E5	CAB302 Assessment 2: Project Progress and Performance (Submission 1 - week 9 - 25 points)
US-15 — Record energy information	https://github.com/Enduser101/CAB302_Wed_5pm_Group3/issues/23	Enduser101	Done			Epic:E5, Priority:Must	CAB302 Assessment 2: Project Progress and Performance (Submission 2 - week 11 - 25 points)
US-18 — Record transport information	https://github.com/Enduser101/CAB302_Wed_5pm_Group3/issues/26	Enduser101	Done			Epic:E5, Priority:Must	CAB302 Assessment 2: Project Progress and Performance (Submission 2 - week 11 - 25 points)
US-16 — Record water information	https://github.com/Enduser101/CAB302_Wed_5pm_Group3/issues/24	Enduser101	Done			Epic:E5, Priority:Must	CAB302 Assessment 2: Project Progress and Performance (Submission 2 - week 11 - 25 points)
US-17 — Record waste information	https://github.com/Enduser101/CAB302_Wed_5pm_Group3/issues/25	Enduser101	Done	https://github.com/Enduser101/CAB302_Wed_5pm_Group3/pull/82		Epic:E5, Priority:Must	CAB302 Assessment 2: Project Progress and Performance (Submission 2 - week 11 - 25 points)
Database Mapping ORM	https://github.com/Enduser101/CAB302_Wed_5pm_Group3/issues/73	Enduser101	Done		4 / 4 (100%)	Priority:Must	
Maths function mapping	https://github.com/Enduser101/CAB302_Wed_5pm_Group3/issues/75	Fbature	Done			Priority:Must	CAB302 Assessment 2: Project Progress and Performance (Submission 1 - week 9 - 25 points)
Object mapping and interactions	https://github.com/Enduser101/CAB302_Wed_5pm_Group3/issues/74		Done	https://github.com/Enduser101/CAB302_Wed_5pm_Group3/pull/2		Priority:Must	
ER Final	https://github.com/Enduser101/CAB302_Wed_5pm_Group3/issues/79	Enduser101	Done	https://github.com/Enduser101/CAB302_Wed_5pm_Group3/pull/2		documentation	
UML Final	https://github.com/Enduser101/CAB302_Wed_5pm_Group3/issues/78	lifeisthing	Done			documentation	
Determine Style sheets	https://github.com/Enduser101/CAB302_Wed_5pm_Group3/issues/69		Done			documentation	CAB302 Assessment 2: Project Progress and Performance (Submission 1 - week 9 - 25 points)
Determine Colour Pallet	https://github.com/Enduser101/CAB302_Wed_5pm_Group3/issues/70		Done			documentation	CAB302 Assessment 2: Project Progress and Performance (Submission 1 - week 9 - 25 points)
ER Draft	https://github.com/Enduser101/CAB302_Wed_5pm_Group3/issues/77	Enduser101	Done			documentation	
Develop User Stories	https://github.com/Enduser101/CAB302_Wed_5pm_Group3/issues/72		Done			documentation	CAB302 Assessment 2: Project Progress and Performance (Submission 1 - week 9 - 25 points)
Create UML Draft	https://github.com/Enduser101/CAB302_Wed_5pm_Group3/issues/76	lifeisthing	Done			documentation	
UI - Recommendations	https://github.com/Enduser101/CAB302_Wed_5pm_Group3/issues/49		Done		2 / 2 (100%)		CAB302 Assessment 2: Project Progress and Performance (Submission 1 - week 9 - 25 points)
UI - Dashboard	https://github.com/Enduser101/CAB302_Wed_5pm_Group3/issues/47		Done	https://github.com/Enduser101/CAB302_Wed_5pm_Group3/pull/2	2 / 2 (100%)		CAB302 Assessment 2: Project Progress and Performance (Submission 1 - week 9 - 25 points)
UI - Scenario Simulator	https://github.com/Enduser101/CAB302_Wed_5pm_Group3/issues/50	Fbature	Done	https://github.com/Enduser101/CAB302_Wed_5pm_Group3/pull/2	2 / 2 (100%)		CAB302 Assessment 2: Project Progress and Performance (Submission 2 - week 11 - 25 points)
UI - Household Management	https://github.com/Enduser101/CAB302_Wed_5pm_Group3/issues/51		Done	https://github.com/Enduser101/CAB302_Wed_5pm_Group3/pull/2	2 / 2 (100%)		CAB302 Assessment 2: Project Progress and Performance (Submission 1 - week 9 - 25 points)
UI - Resource Tracking	https://github.com/Enduser101/CAB302_Wed_5pm_Group3/issues/48		Done	https://github.com/Enduser101/CAB302_Wed_5pm_Group3/pull/2	2 / 2 (100%)		CAB302 Assessment 2: Project Progress and Performance (Submission 1 - week 9 - 25 points)
UI - Account	https://github.com/Enduser101/CAB302_Wed_5pm_Group3/issues/52		Done	https://github.com/Enduser101/CAB302_Wed_5pm_Group3/pull/2	2 / 2 (100%)		CAB302 Assessment 2: Project Progress and Performance (Submission 1 - week 9 - 25 points)
Determine Architecture Map	https://github.com/Enduser101/CAB302_Wed_5pm_Group3/issues/71	Fbature	Done		2 / 2 (100%)		CAB302 Assessment 2: Project Progress and Performance (Submission 1 - week 9 - 25 points)
UI - Authentication	https://github.com/Enduser101/CAB302_Wed_5pm_Group3/issues/45	Fbature	Done	https://github.com/Enduser101/CAB302_Wed_5pm_Group3/pull/2	2 / 2 (100%)		CAB302 Assessment 2: Project Progress and Performance (Submission 1 - week 9 - 25 points)
UI - Household Setup	https://github.com/Enduser101/CAB302_Wed_5pm_Group3/issues/46	Jam577	Done	https://github.com/Enduser101/CAB302_Wed_5pm_Group3/pull/2	2 / 2 (100%)		CAB302 Assessment 2: Project Progress and Performance (Submission 1 - week 9 - 25 points)
Resource Tracking Mid-High Fid	https://github.com/Enduser101/CAB302_Wed_5pm_Group3/issues/60		Done				CAB302 Assessment 2: Project Progress and Performance (Submission 1 - week 9 - 25 points)
Dashboard Mid-High Fid	https://github.com/Enduser101/CAB302_Wed_5pm_Group3/issues/56		Done				CAB302 Assessment 2: Project Progress and Performance (Submission 1 - week 9 - 25 points)
Resource tracking Low Fid	https://github.com/Enduser101/CAB302_Wed_5pm_Group3/issues/59		Done				CAB302 Assessment 2: Project Progress and Performance (Submission 1 - week 9 - 25 points)
Account Mid-High Fid	https://github.com/Enduser101/CAB302_Wed_5pm_Group3/issues/68		Done				CAB302 Assessment 2: Project Progress and Performance (Submission 1 - week 9 - 25 points)
Define Project Timeline	https://github.com/Enduser101/CAB302_Wed_5pm_Group3/issues/1	8ound, Enduser101, Fbature, Jam577, lifeisthing	Done				Project Definition Deadline
Account Low Fid	https://github.com/Enduser101/CAB302_Wed_5pm_Group3/issues/67	Jam577	Done				CAB302 Assessment 2: Project Progress and Performance (Submission 1 - week 9 - 25 points)
Household Management Mid-High Fid	https://github.com/Enduser101/CAB302_Wed_5pm_Group3/issues/66		Done				CAB302 Assessment 2: Project Progress and Performance (Submission 1 - week 9 - 25 points)
Household Management Low Fid	https://github.com/Enduser101/CAB302_Wed_5pm_Group3/issues/65	Jam577	Done				CAB302 Assessment 2: Project Progress and Performance (Submission 1 - week 9 - 25 points)
Scenario Simulator Mid-High Fid	https://github.com/Enduser101/CAB302_Wed_5pm_Group3/issues/64	Fbature	Done				CAB302 Assessment 2: Project Progress and Performance (Submission 1 - week 9 - 25 points)
Authentication Mid-High Fid	https://github.com/Enduser101/CAB302_Wed_5pm_Group3/issues/57	Fbature	Done				CAB302 Assessment 2: Project Progress and Performance (Submission 1 - week 9 - 25 points)
Dashboard Low Fid	https://github.com/Enduser101/CAB302_Wed_5pm_Group3/issues/55	Jam577	Done				CAB302 Assessment 2: Project Progress and Performance (Submission 1 - week 9 - 25 points)
Recommendation Mid-High Fid	https://github.com/Enduser101/CAB302_Wed_5pm_Group3/issues/62	Jam577	Done				CAB302 Assessment 2: Project Progress and Performance (Submission 1 - week 9 - 25 points)
Household Setup Mid-High Fid	https://github.com/Enduser101/CAB302_Wed_5pm_Group3/issues/58	Jam577	Done				CAB302 Assessment 2: Project Progress and Performance (Submission 1 - week 9 - 25 points)
Authentication Low Fid	https://github.com/Enduser101/CAB302_Wed_5pm_Group3/issues/53	Fbature	Done				CAB302 Assessment 2: Project Progress and Performance (Submission 1 - week 9 - 25 points)
Household Setup Low Fid	https://github.com/Enduser101/CAB302_Wed_5pm_Group3/issues/54	Jam577	Done				CAB302 Assessment 2: Project Progress and Performance (Submission 1 - week 9 - 25 points)
Recommendations Low Fid	https://github.com/Enduser101/CAB302_Wed_5pm_Group3/issues/61	Jam577	Done				CAB302 Assessment 2: Project Progress and Performance (Submission 1 - week 9 - 25 points)
Scenario Simulator Low Fid	https://github.com/Enduser101/CAB302_Wed_5pm_Group3/issues/63	Fbature	Done				CAB302 Assessment 2: Project Progress and Performance (Submission 1 - week 9 - 25 points)
Release 1: Auth and household features	https://github.com/Enduser101/CAB302_Wed_5pm_Group3/pull/81	Enduser101	Done				CAB302 Assessment 2: Project Progress and Performance (Submission 1 - week 9 - 25 points)